name,link
12-sai.: Chicchana Mune no Tokimeki,https://animethemes.moe/video/12Sai-OP1.webm
12-sai.: Chicchana Mune no Tokimeki 2nd Season,https://animethemes.moe/video/12SaiS2-OP1.webm
3D Kanojo: Real Girl,https://animethemes.moe/video/3DKanojo-OP1.webm
3D Kanojo: Real Girl 2nd Season,https://animethemes.moe/video/3DKanojoS2-OP1.webm
7 Seeds,https://animethemes.moe/video/7Seeds-OP1.webm
7 Seeds 2nd Season,https://animethemes.moe/video/7SeedsS2-OP1.webm
Adachi to Shimamura,https://animethemes.moe/video/AdachiToShimamura-OP1.webm
Adachi to Shimamura,https://animethemes.moe/video/AdachiToShimamura-OP1v2.webm
Ai Tenshi Densetsu Wedding Peach (90s),https://animethemes.moe/video/WeddingPeach-OP1.webm
Aikatsu!,https://animethemes.moe/video/Aikatsu-OP1.webm
Aikatsu!,https://animethemes.moe/video/Aikatsu-OP2.webm
Aikatsu!,https://animethemes.moe/video/Aikatsu-OP3.webm
Aikatsu!,https://animethemes.moe/video/Aikatsu-OP4.webm
Aikatsu!,https://animethemes.moe/video/Aikatsu-OP5.webm
Aikatsu!,https://animethemes.moe/video/Aikatsu-OP6.webm
Aikatsu!,https://animethemes.moe/video/Aikatsu-OP7.webm
Aikatsu Friends!,https://animethemes.moe/video/AikatsuFriends-OP1.webm
Aikatsu Friends!,https://animethemes.moe/video/AikatsuFriends-OP2.webm
Aikatsu Friends!: Kagayaki no Jewel,https://animethemes.moe/video/AikatsuFriendsKagayakiNoJewel-OP1.webm
Aikatsu on Parade!,https://animethemes.moe/video/AikatsuOnParade-OP1.webm
Aikatsu Stars!,https://animethemes.moe/video/AikatsuStars-OP1.webm
Aikatsu Stars!,https://animethemes.moe/video/AikatsuStars-OP2.webm
Aikatsu Stars!,https://animethemes.moe/video/AikatsuStars-OP3.webm
Aikatsu Stars!,https://animethemes.moe/video/AikatsuStars-OP4.webm
Aikatsu Stars!,https://animethemes.moe/video/AikatsuStars-OP5.webm
Aishiteruze Baby★★,https://animethemes.moe/video/AishiteruzeBaby-OP1.webm
Akagami no Shirayuki-hime,https://animethemes.moe/video/AkagamiNoShirayukiHime-OP1.webm
Akagami no Shirayuki-hime 2nd Season,https://animethemes.moe/video/AkagamiNoShirayukiHimeS2-OP1.webm
Akai Kiba: Blue Sonnet (80s),https://animethemes.moe/video/AkaiKiba-OP1.webm
Akatsuki no Yona,https://animethemes.moe/video/AkatsukiNoYona-OP1.webm
Akatsuki no Yona,https://animethemes.moe/video/AkatsukiNoYona-OP2.webm
Akihabara Dennou-gumi (90s),https://animethemes.moe/video/AkihabaraDennougumi-OP1.webm
Akuma no Riddle,https://animethemes.moe/video/AkumaNoRiddle-OP1.webm
Akuma no Riddle,https://animethemes.moe/video/AkumaNoRiddle-OP1v2.webm
Akuma no Riddle: Shousha wa Dare? Nukiuchi Test,https://animethemes.moe/video/AkumaNoRiddle-OP1v2.webm
Amatsuki,https://animethemes.moe/video/Amatsuki-OP1.webm
Anyamal Tantei Kiruminzoo,https://animethemes.moe/video/AnyamalTanteiKiruminzoo-OP1.webm
Anyamal Tantei Kiruminzoo,https://animethemes.moe/video/AnyamalTanteiKiruminzoo-OP1v2.webm
Ao Haru Ride,https://animethemes.moe/video/AoHaruRide-OP1.webm
Aoi Hana,https://animethemes.moe/video/AoiHana-OP1.webm
Arcana Famiglia,https://animethemes.moe/video/ArcanaFamiglia-OP1.webm
Ashita no Nadja,https://animethemes.moe/video/AshitaNoNadja-OP1.webm
Ashita no Nadja,https://animethemes.moe/video/AshitaNoNadja-OP1v2.webm
B-Project: Kodou*Ambitious,https://animethemes.moe/video/BProject-OP1.webm
B-Project: Zecchou*Emotion,https://animethemes.moe/video/BProjectS2-OP1.webm
Bakumatsu Rock,https://animethemes.moe/video/BakumatsuRock-OP1.webm
Banana Fish,https://animethemes.moe/video/BananaFish-OP1.webm
Banana Fish,https://animethemes.moe/video/BananaFish-OP2.webm
Bishoujo Senshi Sailor Moon (90s),https://animethemes.moe/video/SailorMoon-OP1.webm
Bishoujo Senshi Sailor Moon (90s),https://animethemes.moe/video/SailorMoon-OP1v2.webm
Bishoujo Senshi Sailor Moon Crystal,https://animethemes.moe/video/SailorMoonCrystal-OP1.webm
Bishoujo Senshi Sailor Moon Crystal Season III,https://animethemes.moe/video/SailorMoonCrystalS3-OP1.webm
Bishoujo Senshi Sailor Moon Crystal Season III,https://animethemes.moe/video/SailorMoonCrystalS3-OP2.webm
Bishoujo Senshi Sailor Moon Crystal Season III,https://animethemes.moe/video/SailorMoonCrystalS3-OP3.webm
Bishoujo Senshi Sailor Moon R (90s),https://animethemes.moe/video/SailorMoonR-OP1.webm
Bishoujo Senshi Sailor Moon R (90s),https://animethemes.moe/video/SailorMoonR-OP1v2.webm
Bishoujo Senshi Sailor Moon R: The Movie (90s),https://animethemes.moe/video/SailorMoonRMovie-OP1.webm
Bishoujo Senshi Sailor Moon S (90s),https://animethemes.moe/video/SailorMoonS-OP1.webm
Bishoujo Senshi Sailor Moon S (90s),https://animethemes.moe/video/SailorMoonS-OP2.webm
Bishoujo Senshi Sailor Moon S: Kaguya-hime no Koibito (90s),https://animethemes.moe/video/SailorMoonSMovie-OP1.webm
Bishoujo Senshi Sailor Moon: Sailor Stars (90s),https://animethemes.moe/video/SailorMoonSailorStars-OP1.webm
Bishoujo Senshi Sailor Moon SuperS (90s),https://animethemes.moe/video/SailorMoonSuperS-OP1.webm
Bishoujo Senshi Sailor Moon SuperS (90s),https://animethemes.moe/video/SailorMoonSuperS-OP1v2.webm
Bishoujo Senshi Sailor Moon SuperS: Sailor 9 Senshi Shuuketsu! Black Dream Hole no Kiseki (90s),https://animethemes.moe/video/SailorMoonSuperSMovie-OP1.webm
Blue Drop: Tenshi-tachi no Gikyoku,https://animethemes.moe/video/BlueDrop-OP1.webm
Bokura ga Ita,https://animethemes.moe/video/BokuraGaIta-OP1.webm
Brothers Conflict,https://animethemes.moe/video/BrothersConflict-OP1.webm
Candy Candy (70s),https://animethemes.moe/video/CandyCandy-OP1.webm
Cardcaptor Sakura (90s),https://animethemes.moe/video/CardcaptorSakura-OP1.webm
Cardcaptor Sakura (90s),https://animethemes.moe/video/CardcaptorSakura-OP2.webm
Cardcaptor Sakura (90s),https://animethemes.moe/video/CardcaptorSakura-OP3.webm
Cardcaptor Sakura: Clear Card-hen,https://animethemes.moe/video/CardcaptorSakuraClearCardHen-OP1.webm
Cardcaptor Sakura: Clear Card-hen,https://animethemes.moe/video/CardcaptorSakuraClearCardHen-OP2.webm
Chibi Maruko-chan (90s),https://animethemes.moe/video/ChibiMarukoChan-OP1.webm
Chicchana Yukitsukai Sugar Specials,https://animethemes.moe/video/ChicchanaYukitsukaiSugar-OP1.webm
Citrus,https://animethemes.moe/video/Citrus-OP1.webm
D.N.Angel,https://animethemes.moe/video/DNAngel-OP1.webm
Dance with Devils,https://animethemes.moe/video/DanceWithDevils-OP1.webm
Diabolik Lovers,https://animethemes.moe/video/DiabolikLovers-OP1.webm
"Diabolik Lovers More,Blood",https://animethemes.moe/video/DiabolikLoversS2-OP1.webm
Dokidoki! Precure,https://animethemes.moe/video/DokiDokiPrecure-OP1.webm
Dokidoki! Precure,https://animethemes.moe/video/DokiDokiPrecure-OP1v2.webm
Dokidoki! Precure Movie: Mana Kekkon!!? Mirai ni Tsunagu Kibou no Dress,https://animethemes.moe/video/DokiDokiPrecureMovie-OP1.webm
Donten ni Warau,https://animethemes.moe/video/DontenNiWarau-OP1.webm
Donten ni Warau,https://animethemes.moe/video/DontenNiWarau-OP2.webm
Dr. Rin ni Kiitemite!,https://animethemes.moe/video/DrRinNiKiitemite-OP1.webm
Fresh Precure!,https://animethemes.moe/video/FreshPrecure-OP1.webm
Fresh Precure!,https://animethemes.moe/video/FreshPrecure-OP2.webm
Fresh Precure! Movie: Omocha no Kuni wa Himitsu ga Ippai!?,https://animethemes.moe/video/FreshPrecureMovie-OP1.webm
Fruits Basket,https://animethemes.moe/video/FruitsBasket-OP1.webm
Fruits Basket,https://animethemes.moe/video/FruitsBasket2019-OP1.webm
Fruits Basket,https://animethemes.moe/video/FruitsBasket2019-OP2.webm
Fruits Basket 2nd Season,https://animethemes.moe/video/FruitsBasketS2-OP1.webm
Fruits Basket 2nd Season,https://animethemes.moe/video/FruitsBasketS2-OP1v2.webm
Fruits Basket 2nd Season,https://animethemes.moe/video/FruitsBasketS2-OP2.webm
Fukumenkei Noise,https://animethemes.moe/video/FukumenkeiNoise-OP1.webm
Fukumenkei Noise,https://animethemes.moe/video/FukumenkeiNoise-OP2.webm
Fukumenkei Noise,https://animethemes.moe/video/FukumenkeiNoise-OP3.webm
Fukumenkei Noise,https://animethemes.moe/video/FukumenkeiNoise-OP4.webm
Full Moon wo Sagashite,https://animethemes.moe/video/FullMoonWoSagashite-OP1.webm
Full Moon wo Sagashite,https://animethemes.moe/video/FullMoonWoSagashite-OP2.webm
Futari wa Precure,https://animethemes.moe/video/FutariWaPrecure-OP1.webm
Futari wa Precure: Max Heart,https://animethemes.moe/video/FutariWaPrecureMaxHeart-OP1.webm
Futari wa Precure: Max Heart Movie 1,https://animethemes.moe/video/FutariWaPrecureMaxHeart-OP1.webm
Futari wa Precure: Max Heart Movie 2 - Yukizora no Tomodachi,https://animethemes.moe/video/FutariWaPrecureMaxHeart-OP1.webm
Futari wa Precure: Splash☆Star,https://animethemes.moe/video/FutariWaPrecureSplashStar-OP1.webm
Futari wa Precure: Splash☆Star,https://animethemes.moe/video/FutariWaPrecureSplashStar-OP1v2.webm
Futari wa Precure: Splash☆Star Movie - Tick Tack Kiki Ippatsu!,https://animethemes.moe/video/FutariWaPrecureSplashStarMovie-OP1.webm
Gakuen Alice,https://animethemes.moe/video/GakuenAlice-OP1.webm
Gakuen Babysitters,https://animethemes.moe/video/GakuenBabysitters-OP1.webm
Glass no Kamen,https://animethemes.moe/video/GlassNoKamen2005-OP1.webm
Glass no Kamen,https://animethemes.moe/video/GlassNoKamen2005-OP2.webm
Go! Princess Precure,https://animethemes.moe/video/GoPrincessPrecure-OP1.webm
Go! Princess Precure,https://animethemes.moe/video/GoPrincessPrecure-OP1v2.webm
Go! Princess Precure Movie: Go! Go!! Gouka 3-bondate!!!,https://animethemes.moe/video/GoPrincessPrecureMovie-OP1.webm
Gravitation,https://animethemes.moe/video/Gravitation-OP1.webm
Hakkenden: Touhou Hakken Ibun,https://animethemes.moe/video/Hakkenden-OP1.webm
Hakkenden: Touhou Hakken Ibun 2nd Season,https://animethemes.moe/video/HakkendenS2-OP1.webm
Hanasakeru Seishounen,https://animethemes.moe/video/HanasakeruSeishounen-OP1.webm
Happiness Charge Precure!,https://animethemes.moe/video/HappinessChargePrecure-OP1.webm
Happiness Charge Precure!,https://animethemes.moe/video/HappinessChargePrecure-OP1v2.webm
Happiness Charge PreCure! Movie: Ningyou no Kuni no Ballerina,https://animethemes.moe/video/HappinessChargePrecureMovie-OP1.webm
Hatsukoi Monster,https://animethemes.moe/video/HatsukoiMonster-OP1.webm
Healin' Good♡Precure,https://animethemes.moe/video/HealinGoodPrecure-OP1.webm
Healin' Good♡Precure,https://animethemes.moe/video/HealinGoodPrecure-OP1v2.webm
Heartcatch Precure!,https://animethemes.moe/video/HeartcatchPrecure-OP1.webm
Heartcatch Precure!,https://animethemes.moe/video/HeartcatchPrecure-OP1v2.webm
Heartcatch Precure!,https://animethemes.moe/video/HeartcatchPrecure-OP1v3.webm
Heartcatch Precure! Movie: Hana no Miyako de Fashion Show... Desu ka!?,https://animethemes.moe/video/HeartcatchPrecureMovie-OP1.webm
Hidan no Aria AA,https://animethemes.moe/video/HidanNoAriaAA-OP1.webm
Hidan no Aria AA,https://animethemes.moe/video/HidanNoAriaAA-OP1v2.webm
Hidan no Aria AA,https://animethemes.moe/video/HidanNoAriaAA-OP1v3.webm
Hidan no Aria AA,https://animethemes.moe/video/HidanNoAriaAA-OP1v4.webm
Hiiro no Kakera,https://animethemes.moe/video/HiiroNoKakera-OP1.webm
Hiiro no Kakera Dai Ni Shou,https://animethemes.moe/video/HiiroNoKakeraS2-OP1.webm
Hime Chen! Otogi Chikku Idol Lilpri,https://animethemes.moe/video/Himechan-OP1.webm
Honoo no Mirage: Minagiwa no Hangyakusha,https://animethemes.moe/video/HonooNoMirageOVA-OP1.webm
Hug tto! Precure,https://animethemes.moe/video/HugttoPrecure-OP1.webm
Hug tto! Precure,https://animethemes.moe/video/HugttoPrecure-OP1v2.webm
Hug tto! Precure♡Futari wa Precure Movie: All Stars Memories,https://animethemes.moe/video/PrecureAllStarsMemories-OP1.webm
Idol Time PriPara,https://animethemes.moe/video/IdolTimePripara-OP1.webm
Idol Time PriPara,https://animethemes.moe/video/IdolTimePripara-OP1v2.webm
Idol Time PriPara,https://animethemes.moe/video/IdolTimePripara-OP2.webm
Idol Time PriPara,https://animethemes.moe/video/IdolTimePripara-OP3.webm
Idol Time PriPara,https://animethemes.moe/video/IdolTimePripara-OP3v2.webm
Itazura na Kiss,https://animethemes.moe/video/ItazuraNaKiss-OP1.webm
Itazura na Kiss,https://animethemes.moe/video/ItazuraNaKiss-OP1v2.webm
Jewelpet,https://animethemes.moe/video/Jewelpet-OP1.webm
Jewelpet Happiness,https://animethemes.moe/video/JewelpetHappiness-OP1.webm
Jewelpet Twinkle☆,https://animethemes.moe/video/JewelpetTwinkle-OP1.webm
Jewelpet Twinkle☆,https://animethemes.moe/video/JewelpetTwinkle-OP1v2.webm
Jyu Oh Sei,https://animethemes.moe/video/JyuOhSei-OP1.webm
Kaichou wa Maid-sama!,https://animethemes.moe/video/KaichouWaMaidSama-OP1.webm
Kaleido Star,https://animethemes.moe/video/KaleidoStar-OP1.webm
Kaleido Star,https://animethemes.moe/video/KaleidoStar-OP2.webm
Kaleido Star,https://animethemes.moe/video/KaleidoStar-OP3.webm
Kamichama Karin,https://animethemes.moe/video/KamichamaKarin-OP1.webm
Kamichama Karin,https://animethemes.moe/video/KamichamaKarin-OP1v2.webm
Kamigami no Asobi,https://animethemes.moe/video/KamigamiNoAsobi-OP1.webm
Kamikaze Kaitou Jeanne (90s),https://animethemes.moe/video/KamikazeKaitouJeanne-OP1.webm
Kamisama Hajimemashita,https://animethemes.moe/video/KamisamaHajimemashita-OP1.webm
Kamisama Hajimemashita,https://animethemes.moe/video/KamisamaHajimemashita-OP1v2.webm
Kamisama Hajimemashita◎,https://animethemes.moe/video/KamisamaHajimemashitaS2-OP1.webm
Kämpfer,https://animethemes.moe/video/Kampfer-OP1.webm
Kämpfer,https://animethemes.moe/video/Kampfer-OP1v2.webm
Kämpfer für die Liebe,https://animethemes.moe/video/KampferSpecials-OP1.webm
Kanamemo,https://animethemes.moe/video/Kanamemo-OP1.webm
Kannazuki no Miko,https://animethemes.moe/video/KannazukiNoMiko-OP1.webm
Kareshi Kanojo no Jijou (90s),https://animethemes.moe/video/Karekano-OP1.webm
Kashimashi: Girl Meets Girl,https://animethemes.moe/video/Kashimashi-OP1.webm
Kashimashi: Girl Meets Girl - Shoujo wa Shoujo ni Koi wo Shita,https://animethemes.moe/video/KashimashiOVA-OP1.webm
Kenka Banchou Otome: Girl Beats Boys,https://animethemes.moe/video/KenkaBanchouOtome-OP1.webm
Kimi ni Todoke,https://animethemes.moe/video/KimiNiTodoke-OP1.webm
Kimi ni Todoke 2nd Season,https://animethemes.moe/video/KimiNiTodokeS2-OP1.webm
Kingyo Chuuihou! (90s),https://animethemes.moe/video/KingyoChuuihou-OP1.webm
Kirakira☆Precure A La Mode,https://animethemes.moe/video/KiraKiraPrecure-OP1.webm
Kirakira☆Precure A La Mode,https://animethemes.moe/video/KiraKiraPrecure-OP1v2.webm
Kiratto Pri☆chan,https://animethemes.moe/video/KirattoPriChan-OP1.webm
Kiratto Pri☆chan,https://animethemes.moe/video/KirattoPriChan-OP2.webm
Kiratto Pri☆chan,https://animethemes.moe/video/KirattoPriChan-OP3.webm
Kodomo no Omocha (90s),https://animethemes.moe/video/KodomoNoOmocha-OP1.webm
Koi to Producer: EVOL×LOVE,https://animethemes.moe/video/KoiToProducer-OP1.webm
Konohana Kitan,https://animethemes.moe/video/KonohanaKitan-OP1.webm
Konohana Kitan,https://animethemes.moe/video/KonohanaKitan-OP1v2.webm
Koutetsu Tenshi Kurumi 2,https://animethemes.moe/video/KoutetsuTenshiKurumi2-OP1.webm
Kujira no Kora wa Sajou ni Utau,https://animethemes.moe/video/Kujisuna-OP1.webm
Kyou kara Maou!,https://animethemes.moe/video/KyouKaraMaou-OP1.webm
Kyou kara Maou!,https://animethemes.moe/video/KyouKaraMaou-OP1v2.webm
Kyou kara Maou! 3rd Series,https://animethemes.moe/video/KyouKaraMaouS3-OP1.webm
Kyou kara Maou! R,https://animethemes.moe/video/KyouKaraMaouR-OP1.webm
Kyuuketsuhime Miyu (TV) (90s),https://animethemes.moe/video/KyuuketsuhimeMiyuTV-OP1.webm
Lady Jewelpet,https://animethemes.moe/video/LadyJewelpet-OP1.webm
Les Misérables: Shoujo Cosette,https://animethemes.moe/video/LesMiserables-OP1.webm
Magic Knight Rayearth (90s),https://animethemes.moe/video/MagicKnightRayearth-OP1.webm
Magic Knight Rayearth II (90s),https://animethemes.moe/video/MagicKnightRayearthII-OP1.webm
Magic Knight Rayearth II (90s),https://animethemes.moe/video/MagicKnightRayearthII-OP2.webm
Mahou no Angel Sweet Mint (90s),https://animethemes.moe/video/MahouNoAngelSweetMint-OP1.webm
Mahou no Angel Sweet Mint (90s),https://animethemes.moe/video/MahouNoAngelSweetMint-OP1v2.webm
Mahou no Princess Minky Momo (80s),https://animethemes.moe/video/MinkyMomo-OP1.webm
Mahou no Princess Minky Momo (80s),https://animethemes.moe/video/MinkyMomo-OP1v2.webm
Mahou no Princess Minky Momo (80s),https://animethemes.moe/video/MinkyMomo-OP1v3.webm
Mahou no Princess Minky Momo: Yume wo Dakishimete (90s),https://animethemes.moe/video/MinkyMomoYumeWoDakishimete-OP1.webm
Mahou no Princess Minky Momo: Yume wo Dakishimete (90s),https://animethemes.moe/video/MinkyMomoYumeWoDakishimete-OP2.webm
Mahoutsukai Precure!,https://animethemes.moe/video/MahoutsukaiPrecure-OP1.webm
Mahoutsukai Precure!,https://animethemes.moe/video/MahoutsukaiPrecure-OP2.webm
Mahoutsukai Precure! Movie: Kiseki no Henshin! Cure Mofurun!,https://animethemes.moe/video/MahoutsukaiPrecureMovie-OP1.webm
Mai-HiME,https://animethemes.moe/video/MaiHiME-OP1.webm
Majo Minarai wo Sagashite,https://animethemes.moe/video/MajoMinaraiWoSagashite-OP1.webm
Maria†Holic,https://animethemes.moe/video/MariaHolic-OP1.webm
Maria†Holic Alive,https://animethemes.moe/video/MariaHolicAlive-OP1.webm
Maria†Holic Alive,https://animethemes.moe/video/MariaHolicAlive-OP2.webm
Maria†Holic Alive,https://animethemes.moe/video/MariaHolicAlive-OP3.webm
Maria-sama ga Miteru,https://animethemes.moe/video/MariaSamaGaMiteru-OP1.webm
Maria-sama ga Miteru 3rd,https://animethemes.moe/video/MariaSamaGaMiteruS3-OP1.webm
Maria-sama ga Miteru 4th,https://animethemes.moe/video/MariaSamaGaMiteruS4-OP1.webm
Maria-sama ga Miteru: Haru,https://animethemes.moe/video/MariaSamaGaMiteruS2-OP1.webm
Mayonaka no Occult Koumuin,https://animethemes.moe/video/MayonakaNoOccultKoumuin-OP1.webm
Meiji Tokyo Renka,https://animethemes.moe/video/MeijiTokyoRenka-OP1.webm
Mikagura Gakuen Kumikyoku,https://animethemes.moe/video/MikaguraGakuenKumikyoku-OP1.webm
Mnemosyne: Mnemosyne no Musume-tachi,https://animethemes.moe/video/Mnemosyne-OP1.webm
Motto! Ojamajo Doremi,https://animethemes.moe/video/MottoOjamajoDoremi-OP1.webm
Motto! Ojamajo Doremi: Kaeru Ishi no Himitsu,https://animethemes.moe/video/MottoOjamajoDoremiMovie-OP1.webm
Nana,https://animethemes.moe/video/Nana-OP1.webm
Nana,https://animethemes.moe/video/Nana-OP2.webm
Nana,https://animethemes.moe/video/Nana-OP3.webm
Natsume Yuujinchou,https://animethemes.moe/video/NatsumeYuujinchou-OP1.webm
Natsume Yuujinchou Go,https://animethemes.moe/video/NatsumeYuujinchouGo-OP1.webm
Natsume Yuujinchou Roku,https://animethemes.moe/video/NatsumeYuujinchouRoku-OP1.webm
Natsume Yuujinchou San,https://animethemes.moe/video/NatsumeYuujinchouSan-OP1.webm
Natsume Yuujinchou Shi,https://animethemes.moe/video/NatsumeYuujinchouShi-OP1.webm
Netsuzou TRap,https://animethemes.moe/video/NetsuzouTRap-OP1.webm
Nijiiro Days,https://animethemes.moe/video/NijiiroDays-OP1.webm
Nijiiro Days,https://animethemes.moe/video/NijiiroDays-OP2.webm
Nurse Angel Ririka SOS (90s),https://animethemes.moe/video/NurseAngelRirikaSOS-OP1.webm
Nurse Angel Ririka SOS (90s),https://animethemes.moe/video/NurseAngelRirikaSOS-OP2.webm
Ojamajo Doremi Sharp,https://animethemes.moe/video/OjamajoDoremiSharp-OP1.webm
Ookami Shoujo to Kuro Ouji,https://animethemes.moe/video/OokamiShoujoToKuroOuji-OP1.webm
Orange,https://animethemes.moe/video/Orange-OP1.webm
Ore Monogatari!!,https://animethemes.moe/video/OreMonogatari-OP1.webm
Ore Monogatari!!,https://animethemes.moe/video/OreMonogatari-OP1v2.webm
Ore Monogatari!!,https://animethemes.moe/video/OreMonogatari-OP1v3.webm
Ouran Koukou Host Club,https://animethemes.moe/video/OuranKoukouHostClub-OP1.webm
Pandora to Akubi,https://animethemes.moe/video/PandoraToAkubi-OP1.webm
Precure All Stars Movie DX: Minna Tomodachi☆Kiseki no Zenin Daishuugou!,https://animethemes.moe/video/PrecureAllStarsDX-OP1.webm
Precure All Stars Movie DX2: Kibou no Hikari☆Rainbow Jewel wo Mamore!,https://animethemes.moe/video/PrecureAllStarsDX2-OP1.webm
Precure All Stars Movie DX3: Mirai ni Todoke! Sekai wo Tsunagu☆Nijiiro no Hana,https://animethemes.moe/video/PrecureAllStarsDX3-OP1.webm
Precure All Stars Movie: Minna de Utau♪ - Kiseki no Mahou,https://animethemes.moe/video/PrecureAllStarsMinnaDeUtau-OP1.webm
Precure All Stars Movie New Stage: Mirai no Tomodachi,https://animethemes.moe/video/PrecureAllStarsNewStage-OP1.webm
Precure All Stars Movie New Stage 2: Kokoro no Tomodachi,https://animethemes.moe/video/PrecureAllStarsNewStage2-OP1.webm
Precure All Stars Movie New Stage 3: Eien no Tomodachi,https://animethemes.moe/video/PrecureAllStarsNewStage3-OP1.webm
Precure Dream Stars! Movie,https://animethemes.moe/video/PrecureDreamStars-OP1.webm
Precure Miracle Leap Movie: Minna to no Fushigi na Ichinichi,https://animethemes.moe/video/PrecureMiracleLeap-OP1.webm
Precure Miracle Universe Movie,https://animethemes.moe/video/PrecureMiracleUniverse-OP1.webm
Pretty Rhythm: Aurora Dream,https://animethemes.moe/video/PrettyRhythm-OP1.webm
Pretty Rhythm: Rainbow Live,https://animethemes.moe/video/PrettyRhythmRainbowLive-OP1.webm
Pretty Rhythm: Rainbow Live,https://animethemes.moe/video/PrettyRhythmRainbowLive-OP2.webm
Pretty Rhythm: Rainbow Live,https://animethemes.moe/video/PrettyRhythmRainbowLive-OP3.webm
Pretty Rhythm: Rainbow Live,https://animethemes.moe/video/PrettyRhythmRainbowLive-OP4.webm
PriPara,https://animethemes.moe/video/PriPara-OP1.webm
PriPara,https://animethemes.moe/video/PriPara-OP1v2.webm
PriPara,https://animethemes.moe/video/PriPara-OP2.webm
PriPara,https://animethemes.moe/video/PriPara-OP3.webm
PriPara,https://animethemes.moe/video/PriPara-OP4.webm
PriPara,https://animethemes.moe/video/PriPara-OP4v2.webm
PriPara,https://animethemes.moe/video/PriPara-OP5.webm
PriPara,https://animethemes.moe/video/PriPara-OP6.webm
PriPara,https://animethemes.moe/video/PriPara-OP7.webm
PriPara,https://animethemes.moe/video/PriPara-OP8.webm
PriPara,https://animethemes.moe/video/PriPara-OP12.webm
PriPara,https://animethemes.moe/video/PriPara-ED9.webm
PriPri Chii-chan!!,https://animethemes.moe/video/PriPriChiiChan-OP1.webm
PriPri Chii-chan!!,https://animethemes.moe/video/PriPriChiiChan-OP2.webm
PriPri Chii-chan!!,https://animethemes.moe/video/PriPriChiiChan-OP3.webm
Puchi Pri*Yucie,https://animethemes.moe/video/PuchiPriYucie-OP1.webm
Sabagebu!,https://animethemes.moe/video/Sabagebu-OP1.webm
Sakura Trick,https://animethemes.moe/video/SakuraTrick-OP1.webm
Sasameki Koto,https://animethemes.moe/video/SasamekiKoto-OP1.webm
Sentimental Journey (90s),https://animethemes.moe/video/SentimentalJourney-OP1.webm
Sheng Shi Zhuang Niang,https://animethemes.moe/video/ShengShiZhuangNiang-OP1.webm
Shoujo Kakumei Utena (90s),https://animethemes.moe/video/ShoujoKakumeiUtena-OP1.webm
Shounen Maid,https://animethemes.moe/video/ShounenMaid-OP1.webm
Shounen Onmyouji,https://animethemes.moe/video/ShounenOnmyouji-OP1.webm
Shugo Chara!,https://animethemes.moe/video/ShugoChara-OP1.webm
Shugo Chara!,https://animethemes.moe/video/ShugoChara-OP2.webm
Shugo Chara!! Doki,https://animethemes.moe/video/ShugoCharaDoki-OP1.webm
Shugo Chara!! Doki,https://animethemes.moe/video/ShugoCharaDoki-OP2.webm
Shugo Chara!! Doki,https://animethemes.moe/video/ShugoCharaDoki-OP3.webm
Shugo Chara!! Doki,https://animethemes.moe/video/ShugoCharaDoki-OP4.webm
Simoun,https://animethemes.moe/video/Simoun-OP1.webm
Simoun,https://animethemes.moe/video/Simoun-OP1v2.webm
Skip Beat!,https://animethemes.moe/video/SkipBeat-OP1.webm
Skip Beat!,https://animethemes.moe/video/SkipBeat-OP2.webm
Smile Precure!,https://animethemes.moe/video/SmilePrecure-OP1.webm
Smile Precure!,https://animethemes.moe/video/SmilePrecure-OP1v2.webm
Smile Precure! Movie: Ehon no Naka wa Minna Chiguhagu!,https://animethemes.moe/video/SmilePrecureMovie-OP1.webm
Soredemo Sekai wa Utsukushii,https://animethemes.moe/video/SoredemoSekaiWaUtsukushii-OP1.webm
Soredemo Sekai wa Utsukushii,https://animethemes.moe/video/SoredemoSekaiWaUtsukushii-OP1v2.webm
Soredemo Sekai wa Utsukushii,https://animethemes.moe/video/SoredemoSekaiWaUtsukushii-OP1v3.webm
Soredemo Sekai wa Utsukushii,https://animethemes.moe/video/SoredemoSekaiWaUtsukushii-OP1v4.webm
Soredemo Sekai wa Utsukushii,https://animethemes.moe/video/SoredemoSekaiWaUtsukushii-OP1v5.webm
Soredemo Sekai wa Utsukushii,https://animethemes.moe/video/SoredemoSekaiWaUtsukushii-OP1v6.webm
Soredemo Sekai wa Utsukushii,https://animethemes.moe/video/SoredemoSekaiWaUtsukushii-OP1v7.webm
Soredemo Sekai wa Utsukushii,https://animethemes.moe/video/SoredemoSekaiWaUtsukushii-OP1v8.webm
Soredemo Sekai wa Utsukushii,https://animethemes.moe/video/SoredemoSekaiWaUtsukushii-OP1v9.webm
Soredemo Sekai wa Utsukushii,https://animethemes.moe/video/SoredemoSekaiWaUtsukushii-OP1v10.webm
Soredemo Sekai wa Utsukushii,https://animethemes.moe/video/SoredemoSekaiWaUtsukushii-OP1v11.webm
Soredemo Sekai wa Utsukushii,https://animethemes.moe/video/SoredemoSekaiWaUtsukushii-OP2.webm
Special A,https://animethemes.moe/video/SpecialA-OP1.webm
Special A,https://animethemes.moe/video/SpecialA-OP2.webm
Star☆Twinkle Precure,https://animethemes.moe/video/StarTwinklePrecure-OP1.webm
Star☆Twinkle Precure,https://animethemes.moe/video/StarTwinklePrecure-OP1v2.webm
Star☆Twinkle Precure,https://animethemes.moe/video/StarTwinklePrecure-OP1v3.webm
Star☆Twinkle Precure: Hoshi no Uta ni Omoi wo Komete,https://animethemes.moe/video/StarTwinklePrecureMovie-OP1.webm
Strawberry Panic,https://animethemes.moe/video/StrawberryPanic-OP1.webm
Strawberry Panic,https://animethemes.moe/video/StrawberryPanic-OP2.webm
Sugar Sugar Rune,https://animethemes.moe/video/SugarSugarRune-OP1.webm
Suite Precure♪,https://animethemes.moe/video/SuitePrecure-OP1.webm
Suite Precure♪,https://animethemes.moe/video/SuitePrecure-OP2.webm
Suite Precure♪,https://animethemes.moe/video/SuitePrecure-OP2v2.webm
Suite Precure♪ Movie: Torimodose! Kokoro ga Tsunagu Kiseki no Melody♪,https://animethemes.moe/video/SuitePrecureMovie-OP1.webm
Sukitte Ii na yo.,https://animethemes.moe/video/Sukinayo-OP1.webm
Super GALS! Kotobuki Ran,https://animethemes.moe/video/SuperGals-OP1.webm
Tenkuu no Escaflowne (90s),https://animethemes.moe/video/TenkuuNoEscaflowne-OP1.webm
Tokyo Mew Mew,https://animethemes.moe/video/TokyoMewMew-OP1.webm
Tonari no Kaibutsu-kun,https://animethemes.moe/video/TonariNoKaibutsuKun-OP1.webm
Tonari no Kyuuketsuki-san,https://animethemes.moe/video/TonariNoKyuuketsukiSan-OP1.webm
Uchi no Maid ga Uzasugiru!,https://animethemes.moe/video/UzaMaid-OP1.webm
Ultra Maniac,https://animethemes.moe/video/UltraManiac-OP1.webm
Uragiri wa Boku no Namae wo Shitteiru,https://animethemes.moe/video/Uraboku-OP1.webm
Uragiri wa Boku no Namae wo Shitteiru,https://animethemes.moe/video/Uraboku-OP2.webm
Uta no☆Prince-sama♪ Maji Love Legend Star,https://animethemes.moe/video/UtaPriS4-OP1.webm
Valkyrie Drive: Mermaid,https://animethemes.moe/video/ValkyrieDrive-OP1.webm
Vampire Knight,https://animethemes.moe/video/VampireKnight-OP1.webm
Vampire Knight,https://animethemes.moe/video/VampireKnight-OP1v2.webm
Vampire Knight,https://animethemes.moe/video/VampireKnight-OP1v3.webm
Vampire Knight: Guilty,https://animethemes.moe/video/VampireKnightGuilty-OP1.webm
Wagamama☆Fairy Mirumo de Pon!,https://animethemes.moe/video/MirmoZibang-OP1.webm
Wagamama☆Fairy Mirumo de Pon!,https://animethemes.moe/video/MirmoZibang-OP2.webm
Wagamama☆Fairy Mirumo de Pon!,https://animethemes.moe/video/MirmoZibang-OP3.webm
Wagamama☆Fairy Mirumo de Pon!,https://animethemes.moe/video/MirmoZibang-OP4.webm
Wagamama☆Fairy Mirumo de Pon!,https://animethemes.moe/video/MirmoZibang-OP5.webm
Wagamama☆Fairy Mirumo de Pon!,https://animethemes.moe/video/MirmoZibang-OP6.webm
Wagamama☆Fairy Mirumo de Pon!,https://animethemes.moe/video/MirmoZibang-OP7.webm
Watashi ga Motete Dousunda,https://animethemes.moe/video/WatashiGaMoteteDousunda-OP1.webm
Watashi ni Tenshi ga Maiorita!,https://animethemes.moe/video/Wataten-OP1.webm
Watashi ni Tenshi ga Maiorita!,https://animethemes.moe/video/Wataten-OP1v2.webm
Yagate Kimi ni Naru,https://animethemes.moe/video/YagateKimiNiNaru-OP1.webm
Yamato Nadeshiko Shichihenge♥,https://animethemes.moe/video/YamatoNadeshikoShichihenge-OP1.webm
Yami to Boushi to Hon no Tabibito,https://animethemes.moe/video/Yamibou-OP1.webm
Yes! Precure 5,https://animethemes.moe/video/YesPrecure5-OP1.webm
Yes! Precure 5,https://animethemes.moe/video/YesPrecure5-OP1v2.webm
Yes! Precure 5 GoGo!,https://animethemes.moe/video/YesPrecure5GoGo-OP1.webm
Yes! Precure 5 GoGo! Movie: Okashi no Kuni no Happy Birthday,https://animethemes.moe/video/YesPrecure5GoGoMovie-OP1.webm
Yes! Precure 5 Movie: Kagami no Kuni no Miracle Daibouken!,https://animethemes.moe/video/YesPrecure5Movie-OP1.webm
Yume no Crayon Oukoku (90s),https://animethemes.moe/video/YumeNoCrayonOukoku-OP1.webm
Yuri Kuma Arashi,https://animethemes.moe/video/YurikumaArashi-OP1.webm
Yuri Seijin Naoko-san,https://animethemes.moe/video/YuriSeijinNaokoSan-OP1.webm
Yuru Yuri,https://animethemes.moe/video/YuruYuri-OP1.webm
Yuru Yuri♪♪,https://animethemes.moe/video/YuruYuriS2-OP1.webm
Yuru Yuri♪♪,https://animethemes.moe/video/YuruYuriS2-OP2.webm
"Yuru Yuri,",https://animethemes.moe/video/YuruYuriTen-OP1.webm
Yuru Yuri Nachuyachumi!,https://animethemes.moe/video/YuruYuriNachuyachumi-OP1.webm
Yuru Yuri Nachuyachumi!+,https://animethemes.moe/video/YuruYuriNachuyachumiPlus-OP1.webm
Yuru Yuri San☆Hai!,https://animethemes.moe/video/YuruYuriSanHai-OP1.webm
Zoku Natsume Yuujinchou,https://animethemes.moe/video/ZokuNatsumeYuujinchou-OP1.webm
